{
    "accuracy": 0.8739635157545605,
    "avg_prec": 0.826314389272962,
    "roc_auc": 0.9276463611821515
}