{
    "accuracy": 0.8740249370431792,
    "avg_prec": 0.8259399769955859,
    "roc_auc": 0.9274367637351252
}